,0,1,2,3,4,5,6,7,8,9,10,11,12,13,14,15,16,17,18,19,20,21,22,23,24,25,26,27,28,29,30
1028,0.9163788666188457,0.6244509106999068,2.9211609390628155,2.6051184328904347,-0.7659498913492571,3.6716169372907554,2.9943665937014234,3.899132212318479,2.8020549833682997,3.0756035396925068,1.2379342030615517,-0.12908428398606508,1.2695447993737048,-0.7016053074853414,0.8589067114312166,3.362889704604177,1.100564921989255,3.0899275305459586,0.09841206871948138,4.432569845671782,4.4289716315290235,-0.49696887001457,-0.23900696722680337,1.7432637757741336,1.4888624778874648,1.2684002513529031,1.5995722923034066,2.3584252269031953,2.4849433953304656,1.568995373535354,3.2078927411672504
1086,-0.9361476356978999,-0.6059519917461185,1.1926400234455423,1.806182304276832,4.906633723029335,0.7182058168969461,-0.537014753802131,3.27056198851865,1.45038362307799,4.594191916132235,3.6563796543774076,4.868777912116143,1.2077478808773368,1.126897041015468,4.369302400558748,0.9896768832399532,1.716483315808385,0.6215162314953417,3.6213132843723033,4.193526392823481,2.6110364831345194,0.9272708414633064,0.4150709948013278,1.4509074956149668,0.6523960222183232,2.9714501131917945,-0.886494462789589,2.4900223864308844,3.0854979429376694,1.3864787855769798,3.722051327839745
1202,3.2968355820559854,0.17694158300172091,2.389607391953445,4.291720393121631,1.2733000206336937,0.043178741989137404,3.619834521404213,0.46350011196630825,3.7114594910607765,2.190932925683337,3.8468324774247646,0.8020577180395871,0.6845251025389385,2.7850366222268965,2.648104980129021,0.14910527904787485,2.3424695409186977,0.6026128517191829,0.8660570775590402,1.8134104850990176,4.360951225673395,1.5453037344088356,3.3506963050234493,0.9334492658807545,4.866406486748815,1.5394853181746884,-0.499089695918729,4.853897782721338,4.2323206742046855,0.9819684663003001,1.0249289969693782
1900,2.6764707563646413,2.9560203882476452,-0.5283416417061086,2.534319261231698,4.97076906099782,2.520307412899756,0.04608611714087707,2.0798409050063116,3.3875474411133233,0.41474462321289884,0.22914741099684166,-0.7953859144034721,2.1787973066022603,1.6415743720988134,4.830733255099874,-0.04912796261541463,0.7239889817987712,4.715750660542651,4.563422771267714,1.4391324637688783,1.9100238429465834,0.12557639883301053,2.144851330692125,1.0575861136047946,0.4345746378906492,4.430312344242163,1.0149147346223844,3.5968473531453578,2.4430783962335534,3.5999603074427506,0.28586181982480086
1441,3.914621989729145,3.7005564585744146,1.7130515285050123,4.308059189826307,2.1818323904305856,1.2145328230808299,0.3102639860766647,1.674996806565138,-0.02978538897203009,4.7050033010196355,3.7288500355345002,-0.07534802114811257,-0.7846410015416103,2.7088896528698605,1.5064503838533119,3.9265600408867805,3.419002803474646,2.665985256500573,3.654377703168901,0.4736704966288048,-0.8254615122986959,4.7660948651670205,4.94093022288021,0.5992412337496631,1.0393776844758218,-0.28171083157723964,1.3020612267871092,4.635427038793666,-0.7712016481756592,-0.16526977031191725,2.350384107501784
1608,2.686215190885153,3.3523925996366737,1.7879678859945218,-0.3721522137635873,-0.5110982945214289,2.9819762048961067,-0.9509151641550737,4.166910884063634,3.0158108665340304,0.986947847502613,2.9296636046669366,4.426993588509493,-0.5265996114680649,-0.35622650944735557,4.048337626073048,3.6376074480600957,0.29312487871528803,1.0666704290364066,-0.5973782452158976,2.5658164817014155,1.2959392519074902,3.680810430773615,2.1427692880107214,1.611909500297243,-0.8360985619109103,2.0614104493078056,0.12027014777978606,0.22460915935396497,2.4551673478649607,2.3908172414993967,4.294663763159954
1876,4.544077507139342,3.7871742745523758,1.435565206704248,-0.789788764105176,2.0492023061137816,4.884299055247844,3.180783954007108,3.813736518283818,-0.10544666505451183,2.256120275884548,1.6068723830740899,2.1234582997928007,2.9443610934909357,2.1380230893839616,2.8334682063137104,1.7511118880537255,3.0629089502763565,2.430757073491523,1.2555625692512713,1.360482683772788,2.534893345027557,4.666519009180005,3.340976460421966,-0.3746248371672838,-0.5012916225853816,2.959896442961378,1.7665178991305472,2.9255997077921796,2.218593645713903,1.1065282021507814,-0.28692504719859047
0311,4.439595456737724,1.8630487708134371,3.635628787393845,3.0173719156038343,3.43685542794284,4.169963107198066,4.5584053580532276,1.2934250175017508,2.4170798185631526,1.981483238763297,3.6579542123524185,3.389348525235496,2.9932484043219123,3.5713473206408404,4.045130508528505,2.410012396554342,4.47844462546675,3.757611056874291,2.918324756038436,4.2970871452307495,4.569749822838949,0.6567614009248,4.099076520307411,0.9953901278330475,0.3191645448125213,-0.5075451658640744,3.468317791884516,2.9276308888469167,1.1810948060080468,1.1811892780375617,2.075345041696088
1249,4.022396381307975,-0.7740492019774459,3.254395755715551,0.8010391761667388,4.27263586515296,-0.8612761221360412,0.19678108480116419,-0.9538116169139859,-0.244686434396983,4.837535304949673,-0.5811116879578058,3.146816028722796,1.796809980852971,3.530880632820951,3.8069975689675157,1.6830096146692464,3.803478061538632,3.7177146151056863,1.5331519038721666,2.5812626563194883,-0.42622138239160656,3.0719573000423477,3.5380144612629127,0.715734465860212,4.965473980771542,2.989408884952073,-0.7576870901267709,0.08538364863524617,4.147794466027786,4.201820214371384,1.1467789001188464
1525,2.0193086084963157,1.0341471668035878,3.4032736305085187,1.5934307211839025,-0.019642703574385356,0.07785863722575481,1.2782615270482531,1.9786068764439158,-0.05695860738625802,3.8029510055362543,-0.6358891011697965,4.562358385822096,3.897635610793034,4.0057309026689865,1.4400644607932405,3.8956190089746183,3.75467516080918,2.565498887339023,0.04310334410481542,2.0327090783713797,2.1534748028047748,3.1562019260739005,0.6607214871526002,2.043486355770586,2.696732305362705,1.7850166269906094,0.07550782023842362,-0.32033450248259254,1.6261985689858887,2.081447569645295,4.308222352366353
1578,2.6219447500161692,-0.2956091776988732,-0.4354006443579772,3.732915229503212,3.446652803684321,-0.12461667961612544,2.0427522390746384,-0.8915875311911012,1.9179948174951953,3.592600322851304,-0.9533311000558957,4.625561978772399,0.17089954989641587,1.2304685099512516,2.3522715599355273,0.2533766235949688,-0.40451469782376903,4.5184978120961485,1.6134760614063755,-0.8576910395632278,0.8881550385469246,-0.14042979203260963,1.4554215946704367,4.080744418239035,1.8606284996772358,2.127752632352254,3.314044931659369,1.5167692687911511,2.2074288304429848,2.141758547117586,2.0921579202849943
1674,1.3599062214488518,1.6794585823397918,2.5165592516731916,0.17230327284597236,3.6768627057139947,2.333612244395675,2.2556243145942787,2.623983530257557,4.2436416784470845,0.07160508790185172,2.3670963846943733,0.10866300513460203,3.311307562666993,1.8734911389074562,2.4048980840560445,1.6223659315821424,2.7530301479208292,1.5920389309981169,0.5800925381150486,3.102870945477626,2.4589157199063205,2.8882950025545844,0.734877105946639,2.39331796182804,-0.537417983189765,0.8022199981782894,0.45533451596625674,1.0318800551041232,2.389769606159366,0.5798956312056303,-0.10765442462887864
1715,3.5787561635605867,3.7156103230402646,1.0428429519647802,-0.6202184066628511,3.1001847187838756,2.5256433517066426,0.21735777497860176,-0.6710804851041017,1.5968123340532832,2.2024774324758933,1.5253332872261867,3.521191905358953,3.5414284549700756,2.710078167800897,0.4495257636143988,0.5691344086848291,2.6970699709659236,3.79669626414052,2.24377286478768,2.5725913338337767,0.6018569268623088,0.32317051206028213,0.06359420249572212,1.2486716658545385,1.7667726331964273,2.8815909681493834,3.2232133164253725,4.425538031287389,4.34280348757974,3.5215582622745165,4.116020757334907
1993,-0.4134812365284821,1.7478070570358417,0.8845503151213383,0.5426492959328844,1.474232109538022,2.076646866214544,2.613292601569938,-0.5767785536017327,3.9986575059739042,2.3922984826074485,4.124323760647881,4.636295385798859,3.700080294680303,3.0320078255616174,3.7602908226308713,4.781125273236073,0.9536814693417821,4.851477819200564,-0.39973302484542983,1.3494360581941658,2.026937141637884,3.084777494266632,1.9827902696649184,2.828186256177,1.970634277632357,0.12088788995782473,4.755891268691956,4.928309833407698,2.586294982326436,-0.480212072410813,1.1586923569673315
1641,4.032829562105363,0.669743001751411,2.964062391151122,0.689886420184042,-0.8776960672123006,1.0297910184838983,2.454047785944219,-0.9751521751911743,1.431336314620661,2.7359702654418485,-0.923236905782649,-0.20205944513193885,3.671793503972541,2.790029557406272,-0.1517001887577749,4.584692899957909,-0.19480317297999883,0.5561147629415937,4.548402005782337,0.12380745552422612,-0.24847210549765686,0.22136869081124977,0.7005204658698214,4.186653161273662,-0.6348477105167296,0.9123637609780713,2.3715273100676777,1.953463350008203,4.009942758180814,-0.18170200051457153,1.2194626368070214
1940,0.27754891321543984,2.418810242478312,2.177566978416303,2.4809801614424583,3.9218692664518224,2.6771965691596025,1.832851270333034,-0.47917171536552483,2.644261750265234,3.0548338608351973,3.588875712456181,0.6455061712035881,2.9040163589624655,3.118139167128996,1.2688657930989575,4.794815804342393,0.023211775127394363,4.624751057704548,4.883638139857851,-0.5419404055729906,0.7413504091636054,1.816237642281723,-0.9583939065293399,3.584791642648076,0.02990998970951675,1.6184757813677324,3.752725847702158,0.22697759046938626,0.6703007425949654,4.500942745771025,0.33708684910759024
1601,0.23064480630352113,0.7731584946325163,2.827745688525615,0.8039597138489807,0.04564195978840058,2.634654738887918,3.591553652004654,1.5680564314648482,3.5285548871156625,1.075713130111989,-0.7241066707798003,0.1140336339889425,0.3519967668697548,0.06677299638713396,1.35989357937496,0.018736645695931475,-0.5463316009386359,1.7931558611900043,2.1580848846160556,3.3774311735747995,-0.9448323424236367,3.925242164556132,0.3097104276911542,1.8877645901489304,0.6891133781797265,1.1519730076635248,1.4502833757421705,-0.44118706017455844,4.733208634380228,4.837729966129766,2.869509028535777
1737,1.9436173142898436,-0.8567054301718213,1.483565904670101,-0.44414562837777605,4.463072772450756,3.0146751127768976,1.6789012470969835,2.869979960865444,4.938062072066608,3.857236470754927,3.1348240837985664,0.1469302911909698,1.9109702568560887,3.374192113896795,3.5388345869763365,3.7076383952809735,4.930324883620638,-0.08528592279174907,-0.32601521148466683,1.983149177808175,1.8950792946875241,3.6397331644318394,2.432731352289797,0.4930056729158738,1.1921239071617813,4.016906150519695,4.3572062683443775,2.5391702237166873,2.9359290989611813,2.671811665872594,3.079150187275941
1768,0.30172184117135137,3.198506569182057,4.636032799491686,2.0878330659556834,2.2412126952096023,4.022295164696537,0.4266892167267511,-0.8015576098874004,4.8900679957412,3.8878217774870185,-0.19471952282286042,1.635676569788723,1.0497365385359116,2.471619754716348,-0.09077726196761393,1.7465946522157747,1.0080233585036238,0.8817559427906312,1.2034158262552372,4.66122833559637,3.256062164297136,4.2901712799161995,4.264567188364803,2.719424057725402,3.839876105576371,4.228496843685794,3.7145569883470895,2.8928031036439634,0.9179678291519018,0.051348315312725434,-0.718612373608247
1666,4.318605233149933,-0.3883982197306255,0.4675797589192494,3.265662224077081,4.1187641847429415,4.593384280777631,2.9834206756653994,4.073806139771657,0.9965883921775307,2.0280784931328,-0.019850968718060802,0.8297539509563947,0.9136280222172131,3.1122772061167154,2.882581703298109,0.09988900884969021,4.9927461931420485,0.782462165809962,4.974847410089455,1.2614517071191038,1.9334865285430407,0.05653070550926409,4.609395594651223,1.9707187628169978,3.385296909090787,2.448470417328738,2.2915984959641102,1.1780940055195188,0.2595976450572677,2.2641694377876,4.183738582961194
1333,-0.49369116679549396,0.9180708547617378,0.3081131761902387,4.061021747452449,-0.6229888731659141,1.6090764388708623,0.7209253752368694,4.104336092015707,0.97201392585801,1.096737552234055,1.741469976475062,3.6479464505146115,-0.4159523099635858,-0.3313421317120029,0.6879157547067192,0.8292536852062189,0.6219603620495753,2.3398208627492973,0.894623362882214,3.9975023444025597,1.6847678640842867,3.38742202587681,2.9864235431070103,1.876245540080789,4.843271679672949,2.825053703287945,2.7657212352333254,0.09433879027138903,-0.8655105617042833,3.2080501773291568,-0.12050629590070772
1610,4.812894629582992,-0.2658776473128077,0.5147310187311633,-0.3588370440241475,3.007137343546092,2.642421335528356,0.4980984104743724,0.3678970700022335,0.7627925085017373,1.9821157900159356,3.672901308807621,-0.05372127830499429,0.6181819871452525,4.379402404462777,1.5949567232984654,3.2007913868068085,1.5230599113379961,-0.4641237137061631,3.2799046907226685,1.7370515264831332,4.318459972854033,0.025156522661391012,1.785904726093368,3.0819439214591355,3.81069628379188,3.695912510148542,3.112880332115294,0.2483321663063176,3.308371082009616,3.7657909264933895,0.7789272051038756
1614,0.35341905873211,4.725057282859537,1.694327043157016,2.485745648975732,2.0510997929958856,2.8362557472292957,2.8912796607391815,0.14152541343936376,3.4215462138876074,3.7597510361242303,2.589398116434722,2.3799813614920318,1.6652554818074101,2.0392874425145315,2.6861186808372084,2.6039401797653996,4.351374512959721,1.3833237388558137,0.33441545670384176,-0.7209601303777244,3.373034514296574,4.325617456371056,0.01825626565372329,4.14551044991841,2.685549846341031,3.6215009725151672,1.229925673895898,3.7356696814285426,0.3075415829086796,-0.8644633251486618,-0.277632603469675
1758,1.599475515602685,2.5040909800616182,3.906339341050148,2.9034197789070006,4.4874231081161895,2.5405512387110845,-0.09502067726430119,4.767225599453434,0.3261959929083733,3.499745188861148,2.717295185749013,3.5706797971495456,0.7812015079285923,0.5204844587491002,2.97413948301826,0.6385002311950578,-0.30843915236498565,0.06958918847577422,2.3564356701083464,4.161102926577991,0.13167509871723548,4.7013601965795075,3.588114357429763,1.320961973844553,3.9017515519760515,2.493509660731966,4.894641611909704,1.3876486589618269,2.963177075557372,0.6435100189264027,-0.8629233662463036
1295,1.9640205883838489,1.237822782771711,0.8527343222858579,1.7198460482852278,-0.3803123842516911,2.518828043798529,3.4530183704275927,4.602724692152263,1.2916603141935163,4.210903938847839,3.671754673342634,2.445800993054864,1.5083495777014813,2.0518331331907413,1.3340321493350369,2.6242896178447883,4.522385370983241,3.335206631907363,3.6446257475921664,4.6562612743327385,4.036891064429211,-0.11966606372757616,-0.9392280195843974,4.1394274665429425,0.6661330376263963,2.485950079845118,1.9510085784558524,0.6214029413567574,4.159451922570475,2.114888023684759,4.084507238213737
1889,2.302697324304212,2.195747717378995,0.19295538839614879,-0.7353572526147276,2.5897707420990335,4.010772356103783,1.7780454752903379,3.2045605227246803,3.4583469350206872,-0.7419251069234367,1.418305886346812,0.8515716122842132,2.3286419522857047,1.8872904786430755,1.944246971552304,4.256033545392895,-0.9351616529713647,4.097492874524934,3.542745624796252,0.013827250773089661,-0.4883205312018257,-0.9565873207811066,2.538644736037397,4.789421791610135,1.3501380798480844,4.558885144483618,2.1579163285282634,0.9875223417835401,3.002698621970266,-0.8713626123721858,1.6380276920668067
1773,-0.6028894115079253,-0.383727471327564,-0.845870762523689,2.5050983655554293,0.9201326737956614,2.603466295128608,2.2641553017900558,-0.3022285128643971,1.5051214914235747,-0.733530516744628,4.592403692462209,-0.1273249367478555,0.3407504120871503,2.861146436578508,0.5838618160883229,3.7104835234751166,-0.39434971755579173,1.3222096261970666,3.8713035674553,1.8020615571638787,0.8154472088956413,2.754565514187899,2.8198978129131254,3.958431791250593,-0.40727773695369085,-0.20542353562288018,3.788678142113185,3.2182782367624023,3.0340105819868004,2.1442230891442327,-0.9528577229955946
1218,-0.5102571567779506,4.792287262888862,0.41920888453072,2.901571900196165,1.794268766948365,2.969251596129557,3.7869692087700235,2.2393889699028486,2.8194298232172654,3.519007317489658,0.5562260506767696,0.5136655166351369,-0.6785911331211556,0.7808119992798455,0.506064494392023,1.4732722429648941,1.029225985002875,3.279828587191288,4.402719054009127,1.8595958000670474,-0.5406565194733794,0.5514481738144299,3.6408203180711336,4.1910444806488725,-0.8688643341201003,4.811630391335431,4.973713592260041,4.7771044693201725,1.564848029963719,4.397374066558132,0.9415657207927612
1797,0.6988690300413452,2.009976795404601,4.905862455309103,4.046200719148235,3.607959907252967,-0.15173478547526376,3.488184352581177,1.4232534367470038,1.8911690452697538,0.5869445025962698,4.044065917112622,0.3116809570476724,1.8947103753966155,-0.048479798614236014,2.784443121343139,3.681805227928808,3.7326131560247484,0.8926708862746902,0.05256161664599479,3.0448392187152873,-0.8355270656653524,2.3529988217819033,4.628233848533316,2.836034778501721,4.654005476191423,4.611367735795995,3.877648826952915,1.7252843954486985,0.4933788344530057,3.4957137875633073,3.7640455895749794
1899,-0.4349813079457432,3.4301479521858163,4.266347498501714,0.13593819392978435,-0.37027215868465824,0.3506210342308955,2.651715821602008,-0.3587383655159835,2.09646431574353,3.7216875779262857,3.312867421318158,3.5252714423665443,0.7228380779988814,3.56921064357729,0.6781307610904752,-0.007835890916625399,1.2139940716354234,0.3648058099430136,2.601784969516424,3.080876330643874,1.2032646826807234,-0.13202958813693755,1.7879855122118453,1.147183893139101,-0.15799481265762316,2.595645196412591,0.44829856394081746,2.4266738212531007,-0.36265357276745314,1.6397952214824905,3.546992073674506
1833,-0.7608831711649675,2.1326679890615634,4.862246927147675,-0.9981478577134497,0.4667058167614968,1.7211544895414352,-0.10776927067019426,1.9739408284336109,1.4414142959205716,4.553656464208682,4.242106546633108,1.8430318384530713,-0.06942263775736923,0.23477587014498713,1.9091557456267125,2.705598344519604,2.7478273753870033,4.620198774685344,2.0427023103289956,-0.04929229120019296,2.4626603779475174,-0.16881724047161528,4.928985187084045,0.8441330178320698,0.41547378685501735,-0.7181202731962875,2.6687025934733484,1.888395232773866,0.9729261611548623,4.069639882639448,2.9529870811553343
1057,3.8819272764655333,3.57629908892007,4.079648840092392,2.400882639937096,4.721366956026508,-0.8278965501805029,3.8133070947162793,2.0481647744096945,-0.9716684651563134,2.6680838241430718,2.5305101623750943,1.3597754116091947,4.167446852569409,2.5424710073635017,1.7595706028932652,3.1146156575921733,2.116782963411619,3.5749901999874645,0.06393705609009914,1.1278467002119936,1.8241065113483268,-0.35618989163796555,2.4057509345626076,-0.39635042954317456,0.5248724624612346,1.2004931729555017,2.6529216584415596,4.922629823264831,1.9460536655898242,2.7856084059012685,1.425789605648812
1921,2.9177395319465917,2.051302514010179,1.716263022502953,2.421756026821371,-0.24194445487514527,1.3021072055751381,2.6765047811432674,3.757219201302293,1.3502080781881634,0.6463209335293518,2.7574772990388707,-0.525536627456245,-0.7839382447409919,-0.6726423238823982,4.160449897657457,-0.5340228906742222,-0.004475627559334727,3.498415901524826,-0.3877891249852028,4.709711921790856,0.9545032913063021,1.9337315638162496,0.8405872279209741,1.6848844943308965,2.1224065350282943,1.3637776995823687,1.5918778353014442,4.948112766731068,4.344771364670121,1.146166213996318,1.9090348645829494
1513,2.2388990777884983,4.529073147114776,0.6648170176743655,4.034155050613069,3.21699160915829,3.7846406143515434,-0.7405918566285794,4.1988578674943655,0.5017646371904345,3.2574342111625327,1.2778505386859185,4.453500036108479,2.636201826096396,1.3095543997351617,3.442298980359766,3.996581782695851,-0.25295880997077824,0.5819928280732851,3.6646539449160205,-0.5424868442809676,1.455232115798096,1.8979916480895715,1.9456488259282816,4.179833745345302,3.9015393448006295,3.351557290043571,4.352466048835303,2.092017417873958,3.459372000852448,4.744329437506459,2.2462375083520874
1676,1.6138561346034002,2.043820598234152,-0.5363252351173069,-0.09891681642575456,1.471456776260407,3.385948053548568,3.026720823973177,2.141503122576404,-0.3065560907096381,1.3944407369407559,3.1996996523581345,1.9687332952031653,1.9798706368803751,0.9440680456579453,3.4028732151651404,2.124215445274006,4.89534796158757,-0.35749614633676163,0.28934121154436565,1.0867210460824346,2.9265819223258522,1.0820488585261758,2.742487987951491,0.903003259334378,2.4976325114233826,-0.45304768467238166,4.699948168267098,1.0658941837181493,-0.6754018106622106,4.925182780984276,1.9023501779640855
1295,3.5284677427256943,1.121860942941331,0.08045851037439777,4.411610766382937,1.3195579057660476,2.3827167391537096,1.3366044435921625,2.3289228374625024,4.640754192635474,3.2690804644541895,2.2217403708114123,3.5059860244457957,3.471429049933783,1.6403082499820982,2.0872657059978916,0.9958278203188933,4.194653123276986,0.8912401762637561,0.6837825675618681,1.2374084192087782,3.187450733603466,0.045076833528011395,2.2001147780929617,4.674806337659829,3.532553797834872,3.974770697720727,2.4944789990321654,1.8133487896145715,0.4639957210152754,2.8387745025094127,4.142353950847117
1381,1.8840036143962022,0.9497782155863734,2.0133726757925365,4.695907503284858,1.1593704903374489,0.03949946879468169,0.48984877357549084,-0.2243468364031307,1.4348305064278595,0.3252184003070686,2.1105471934986455,0.8951297705597745,2.2905068563335664,0.6400028200969012,4.974038993407733,1.6606498497070796,-0.26217174888747063,4.564871424257673,3.9282989992434123,3.314577228377421,3.1042381906054475,2.39433654759522,2.1389335452392224,1.7703580764611222,1.8928927168533627,2.4095451458055956,3.4044507643246646,1.6548860722864829,3.0203835586386436,4.930187156504775,3.822593383769683
1754,2.7785042510092346,2.6119771433800416,2.2647130984031065,2.3115176432343256,1.5792149861277842,2.112123922706732,3.1910062952574894,-0.4996384979155686,1.3458316803247694,4.950418311590576,2.7131085379904847,0.9036477120352275,-0.11488292189313287,2.7235446451970073,1.1805006536913814,1.960490689536834,-0.08272152025454615,2.4765477513763026,2.130900434236048,2.2962964626376183,2.199066118898652,2.666136379689778,-0.3507677453915288,3.316529886700791,0.5681111562308356,1.9647619647155539,1.615603919496417,1.2338739197693114,2.187300329656193,1.8432111408786716,2.6096483777637536
1110,4.586864947293905,0.8065197827889612,3.7571635856652392,-0.8530644952573689,-0.01878301787055081,1.1997673884344087,0.09264993578519509,1.2322066414628496,3.6459171804112547,1.8096620693161478,4.932068827741518,1.2818182570471452,-0.9466810987330083,2.015226015690269,3.8880177486731995,1.4075139757717845,1.254245611916594,-0.346323751566042,0.5265722056606144,0.5553530384480134,-0.6960644528155728,1.878555440433657,3.6724389686997165,0.6946544922827447,-0.2623614408443815,0.7313894600219548,2.810677295806272,4.179807980176851,0.19783431248229477,0.8643022597292982,4.9746961362924615
1368,-0.40604326502416077,-0.5554917195016646,4.549537423844391,-0.026548749199832855,2.9099332088992163,0.13590641765601408,0.20381536401187605,0.5302981261908108,1.343246397649076,2.140129264278851,1.2083772093575424,-0.9479596449895424,2.47239584524409,1.1198779826748027,1.7509417939455698,0.7755797416792753,1.2842929961202278,4.676619582405797,1.0405455519246782,4.588596724419559,2.2912732019852213,-0.5953893457799291,0.1505635036839872,2.49405810883398,0.553397221124599,0.5524423514103343,3.7871953381939916,2.52488330888861,-0.6955502375622524,3.241827432073621,2.905585533085916
1811,3.190213758385058,-0.15644724631336193,2.543222026530714,2.7985800128417875,1.3400200138384397,-0.0668317813164574,-0.003310309713790538,0.9201786836029675,4.456288924229298,4.8521765504643,3.098314670745558,4.482407723355441,2.880042190725396,0.5602425564850373,1.1643349094310445,3.876721216051293,-0.5072568458263811,4.059854025505095,1.72946658898175,3.115213057947172,2.114250524036766,4.744203018577249,2.197599323338907,1.4081416189268623,4.769456341264263,-0.7408746891442732,3.1716344759207935,4.763518144550268,0.38622213131530625,4.317063768370419,-0.30083813816810734
1628,-0.6332484022103768,4.844127632001069,-0.3972926623617661,4.974678521098777,3.779732043744655,2.6749298868357365,3.486959677291198,-0.5631381185958113,3.4281811980133785,2.9726177699172966,2.321163285699715,0.2795516733055847,-0.4128321214395523,0.35127476600016005,3.9588388768289597,2.8929637403327,-0.33231077379678764,3.914747493882688,3.2646650907188555,3.42130144972411,4.314901812924249,-0.20755657766955538,4.77748090054987,-0.8039096218485049,0.6282799636853791,4.665002553072252,4.06761476890153,3.6781724154134423,4.763817912424319,2.0793860585379047,0.09317135368436058
1529,-0.6084143375393642,2.874530387487334,3.9767166844867194,3.4996886203318986,4.199431392167981,-0.39071052439275644,3.3600444793781277,0.024214691046753556,-0.2858299735460752,2.9373431374255414,0.7446674284803969,0.5381034724521603,-0.37708103083954225,4.414139010015594,3.0589339056506617,3.1370847349814204,1.608611474712907,4.066359242013316,3.080756421809916,3.073103321964588,-0.4617559050315154,-0.03896319026970474,4.4097227281340174,-0.6976307049899466,4.18775004528253,0.23562984578197232,2.8253999605546545,3.8644538339595957,4.03810484484138,0.5211042387926053,1.544826327798409
1246,0.45350365412221993,1.2693098405281757,3.134916327580793,2.1219279520021455,2.9237535073946868,3.4952663677293314,3.472168410916705,0.6637115060277265,-0.5249062260298081,3.0214587620063034,-0.8966548986629257,1.7140301627576076,3.316964383739389,1.3003065949403645,1.647068409978024,1.4802160825458035,2.449050116455184,-0.7897585761569861,0.6677855825146339,2.276370506665407,1.9907462892872374,4.44078926647762,1.6563277704601433,4.300921827950119,4.6460076669103705,0.8217747814023537,4.7616094553129935,3.1167345527094525,1.7777407053737249,3.9539797005496133,0.46585721046835316
1068,1.3936988099662706,3.972295932955401,1.0719232241597236,-0.028271154541319454,3.372280998144687,3.732329821433355,3.522076518410546,1.2305233812630552,2.3671986043658793,3.508826445509177,3.8485838645318955,4.049808559631281,4.4932727278053415,4.172119804080925,2.046697615101932,2.1336720810100127,4.859526840184337,4.661491543417454,2.418028932836739,2.5133308318446463,0.7811751790623365,2.795635519910561,1.3719717879172633,-0.5007742043756118,4.138666951848352,4.397761141385374,-0.32164507131765485,3.7113542135909716,-0.3461005738508376,1.6072953979811322,2.1819256160498965
1862,4.377626644040527,3.41772437095232,3.4186389329007847,-0.9459453093945862,3.795185428392207,3.3339657969064973,-0.35142663173295574,4.334080768345839,0.3959840163882493,2.0007416049352202,1.0323829306052152,4.372785062640514,2.3068667085606,0.2944562129034394,-0.037040735996851204,3.2571448131139267,3.386679185695959,0.29710835534254154,4.778412774617239,3.8209117208278514,4.007800778047188,4.729881523043837,4.813819711740364,3.747732816250716,-0.9114381672439911,1.9248087943078462,-0.8546696518361121,1.7280977365489871,-0.759482700896756,0.5752253896171597,2.791540794791999
1336,3.0762900714826102,1.1595706264565813,-0.2947544840102292,1.6992310717858565,4.397494258445826,3.2299329975117264,3.193990544801057,3.900796942613699,2.8748654200138817,3.6130971275772312,4.408872680243762,1.9404272944863346,0.2529399062541944,0.18673447818066635,0.18388293283573165,3.90183816441313,4.8671036351036125,0.9660983503441207,1.18945332292897,-0.5000775388770902,0.8671622639894325,3.344971826480153,2.215073564606734,1.3361348187607298,3.2512766209790245,0.8849198049479079,1.5619286854137946,1.1245681644719818,1.1203873166135052,0.09458956578926725,1.7371684548658721
1725,3.353884476956744,1.2324387263878895,4.430506423498531,3.006378420651183,1.4631182843344526,-0.6239299353669487,1.1217501705639914,3.6578736227283377,4.195998843127923,3.647457635551701,4.645775119465653,0.3727003075775668,2.410777370719652,3.6518214074456763,-0.3341104641647068,1.7037641574642635,1.8684040387181051,1.6369911963510386,4.6808092960395395,-0.2972131280821142,2.9564397471554362,4.696375358600071,2.5960479535451877,3.81074539355037,0.12483438015122128,2.0556247518075503,1.4262437539848554,4.701818838785392,-0.8968737841236829,2.8249571127065094,0.6504751947676946
1448,4.7435794356417915,0.9455241603558835,3.2237369851504933,3.166797142379636,1.1803257507233433,0.7214545649493851,0.5617455845928603,4.494548459035937,3.2984087153201553,2.7906451442545173,4.873667546564075,2.5376373347041397,0.3417142644595943,3.6998847553753897,2.5768878337126946,-0.31850282336632185,-0.7675033302324128,0.05826955910911069,0.43905267223411704,-0.6351073142234092,1.591777375185655,1.0649203229070157,1.7453124325658171,2.810122605446355,-0.19738746012403618,-0.9022056148713966,4.588355738217515,4.603377730678152,3.896113845792798,3.706199939672664,4.797020263415032
1575,0.6965133890975763,1.7060351083091883,-0.7923091494803216,0.6547349960551088,1.766473996411646,1.6363153317918329,0.10151333206872226,0.7339539926430207,2.5868552448032576,1.1101188194053302,4.3486824029238695,1.22710625945935,-0.07829544779791564,-0.2874261656812642,0.15822164274171047,1.6009175809643983,-0.2899062963338719,2.6667227793716837,1.6058873462976226,2.438900661455886,0.05781848547638502,0.3881114769580989,3.4770028733871152,3.847596953551169,1.7433709026025648,0.4398132954955658,0.43623509755137624,2.0330548912584385,3.6960773339859276,-0.7250341896438184,1.089924967781025
1714,0.7973374599612382,3.5181636653059822,3.392361042830607,3.9110609717383644,4.325546659677461,1.031457618209422,-0.3700275549012335,-0.14677763720563042,2.119651526691401,2.976117432886328,4.719232066434159,3.3763273871618855,2.6312294875140876,0.7403983100514144,-0.9924523056900114,0.10041592273684241,1.7268657704843253,4.624926185352581,3.02164876616912,1.2859476142057185,-0.0637411174342053,4.060770598667966,2.3766032232152536,-0.42977127588544994,1.9940942667250718,0.32836350735015096,-0.3733850257494089,3.7268153040865215,4.684181161941927,0.07957805171568832,1.3899267963079813
1415,1.4791043489694173,1.697557339550201,3.2706302195670034,-0.31557910847772996,-0.13187819626582287,-0.5670630519729971,0.03549801903312,0.7670808353965624,0.8778150900559751,1.5582884638795504,2.495799887763286,4.1559521107237645,4.083833166679536,3.716436408745503,0.5645528505234545,2.9726954266408607,-0.48762222404350997,3.3380003565604692,3.071094695457096,2.4517502225403933,2.5158068872971233,-0.4324384188964274,0.1686906171842688,3.583098942215594,4.8162808678544815,4.244290930144427,0.07361687716517573,1.0018530479807168,0.6754489291622545,-0.11381640777397584,4.808216447753546
1351,-0.1847037243866656,0.9340906005575358,1.5958806136657815,1.4592017538672457,-0.45202255415292436,4.330695929154126,3.294846979188633,-0.28525868004092514,4.302572803790761,3.2545790359435793,-0.1370144852183406,2.5353709311191706,3.46233556493058,0.016861542830320486,1.9354146229372655,1.8094035024314499,3.418356527995029,1.6856712830265526,3.4574537953613405,4.901615989083946,3.597370404563234,2.766602061632949,0.2877805872086896,3.197539838659189,3.6628163094984236,3.649826095449563,0.9982336602017496,3.7407704599364777,4.458568114157682,2.7067772564899144,2.278673073121504
1945,1.288766822341222,0.32185281386195475,2.232809825855563,1.6637322312251706,-0.09999312249515091,1.8121746711364661,1.1940170811021575,0.2108976545840191,2.9640156338062114,4.521488299118472,4.594191296350488,4.491240454822163,1.636245336840533,0.9791719850991893,-0.7000496348140066,1.0035408038760978,1.0163056528422416,0.9697178596808884,2.1364355142717124,2.6862762688529522,1.5452616142329356,4.7696448132385,0.843042856500051,0.9591101253598247,-0.9477900091758658,2.7276293991746234,-0.2804904429133259,-0.3007995561215764,0.07774414121379603,0.9163480940863142,-0.011970667476845831
1035,0.463610723915473,-0.707984060526615,3.2522879109744594,3.7913447286007322,2.4073521416198895,4.2907473180896405,-0.5864633274664084,1.154140304388514,0.9797211270523534,3.4106421194090615,4.868249305782519,3.418201560961581,4.6209890333786445,0.025813081975393892,1.436702231092347,0.19109393033323352,0.32226638431428456,0.4313364861964537,-0.6748738032173354,3.2828389067329846,-0.6003314523096681,4.283983031892484,-0.8609062246098562,4.155234999722202,1.453425207694658,4.141610356425417,1.581159547792757,1.4661552205267947,4.179603695096103,3.5349081712430497,2.9408456829175065
1338,2.7597064496416133,2.8273732760040557,4.607207496204274,0.24276222612550735,1.2987870780017086,2.739396183757462,3.753237290777686,-0.12184893173060019,2.3460450708997707,-0.5697316424571892,1.5362748443487644,-0.34294832115263696,0.012635755186779063,2.05952236348135,4.239494373962486,1.4880738286273947,2.583032792885284,1.1864549469517032,3.7983653788735303,0.5427587426243321,0.859365753746145,1.5263061909420834,1.46275136222389,0.013023785720758685,0.33960437352435635,3.0896664058890986,0.09473446511314743,4.738172229498744,3.982075277875394,-0.6873663520519546,3.4042769568880438
1015,0.4191595418462464,4.112524800979507,3.2124906377253444,3.5891731841871968,4.385013858305361,3.7521531564863766,4.9209734120609525,1.7368976521255668,1.7902749513292164,1.4353086272309965,3.955154647329177,2.5702829088194195,0.7912683398133289,2.8515929345249145,0.5393105490106493,1.4999724375864094,-0.6249816362612797,2.5064077275055006,2.2653687704676777,4.1134713900923465,-0.42592170389858697,-0.06875418455140836,4.249288296053226,2.968722638058228,-0.39687163351176546,0.3045874358785736,-0.23739017304031607,4.343747450884047,2.332250155240704,1.3503958664364406,2.13476745382043
1340,1.392705093571315,2.1068691498506578,3.3911980130112953,2.8250842110761694,0.7461484942089154,3.9852462453873807,2.4691803979602085,3.6755588107289157,0.4408781095631207,4.90517791319531,4.802825278782643,2.5555283285038533,0.21877156172245749,-0.870721335844213,2.2880552705514123,3.8617156875280996,3.105806947538592,0.7604937119830302,3.8740557818548877,-0.6610510618883043,3.9024219863150007,-0.4751319076668459,2.377879301045244,1.4412348277359213,0.8979441900394165,4.89146455579853,3.5235136688194,3.722549432031217,4.54951386708639,-0.8243809714447459,1.602168672862208
1369,3.548240061321297,0.14627620946853148,-0.3236510317647765,4.239025066693077,2.9473328521286084,0.1841811109789142,2.909668635367824,0.7554687066419383,2.090535744437995,-0.4202957334230135,-0.518056317750327,0.17683249377569377,0.6848941117688989,1.0957072284005722,2.6974439328275617,4.447032930810483,-0.5756532049915499,-0.7440902411430144,1.73414279798979,3.9406877917755994,1.0827934763389138,4.969938861849036,0.47088625689486396,3.526951733248201,4.959178378149041,0.09373733533697948,1.2668052693735907,1.6290527019317311,0.5742830688521221,0.7640212910790107,1.8327209777475124
1630,4.116539262139676,-0.0718019602751565,4.848095522305579,3.0059505430945217,-0.1830429791293522,2.623021610810487,3.811420054260048,-0.3590458976862816,4.592913326749404,4.6489964065422145,-0.8010481482505738,0.6048424813250988,1.5755034611008667,4.112339759001468,2.2863515757895336,2.3692629546293738,0.80250655946233,2.633103508367501,0.7934119352173821,4.694506311853354,3.780183237638589,4.650785090177137,2.6003829404026217,2.5931672634926084,4.88863815033273,0.11182927421125521,4.33649209336904,1.7035951893813759,3.4038185618115913,-0.2359245858092287,1.5097742172655089
1492,-0.09262359759144756,4.891426580623117,3.5072398482527536,3.3044194883476425,-0.6763277513472625,1.2232716205039185,3.504230478116688,1.175948733858041,3.0162660195755153,0.9609461418585006,-0.36531968188119746,1.9139339521096845,2.832798715243491,0.07546441079044408,-0.8867923602367078,4.117140411142373,2.5225979741893827,3.0303149322403646,2.163802815495857,3.682205780972869,2.2444846613455534,3.257242177339987,2.5602988360920333,0.26774366606826083,1.1374818713168562,3.3517928536086607,3.5339290763357933,0.7671486446554663,4.166247030478289,1.2381081389347264,2.790060630069239
1390,4.014797807381766,3.949563499350303,2.9845952652962566,4.239679672274947,3.636181286972147,1.567959597060395,0.5726909812204248,3.4816652090655253,-0.45407359617486787,-0.6352234528391296,0.9629496459880402,2.0409758058510805,4.257957250263349,2.6363797994837848,4.590532111230007,2.186611664240269,4.261640527554787,4.130672984300705,3.152697637180613,4.764279820252489,0.32765292850001315,3.7979994878289087,4.694090892403913,1.1490373090734156,4.920785504880412,4.356463797430434,4.386475447844399,3.391366679953716,3.5574848665917633,-0.6682757036331195,4.583972483280586
1190,4.289016493551067,1.3182089855726682,0.8559164260864798,0.7993765963534496,0.6920214270448473,-0.28734097066999986,2.039660064108921,3.293090183592673,2.4012077670325986,4.667007227002003,2.968152663148328,2.0767345609691237,0.02342726496168357,0.4490747571746203,-0.04112640489559305,0.8889770445304359,2.666998778544082,3.5710165547486756,-0.7168599838021992,3.95796148247197,2.470059073037043,4.147209748048186,0.962592057063631,4.3117010109956695,1.6992608583523676,2.3754989085144946,2.752514526449584,0.413495307007848,2.5449135179123794,-0.5219579096729856,4.687407094264259
1725,0.8204250106756952,-0.545649497113871,-0.5639653809877931,2.6908003131703877,4.075494772538377,-0.6167404536539316,2.8285353765106658,0.4401085628561754,4.235731254991719,-0.42709872805389404,4.307301674728587,4.080556816112897,4.244064634863072,4.781156711409838,2.2150540250501964,0.41732672927893066,3.320854751914508,2.3887593362936936,1.0142980840387836,4.603238925072646,4.551423141504527,0.37103213665459434,-0.0493516156508822,4.565317683439181,1.3632805416426512,0.10115782893264913,3.415369383506156,4.016231026612697,4.439920965154635,3.889774906392498,-0.7388860320709807
1440,4.008123446393408,1.7871838527636048,0.7171288395330557,4.15163581326252,-0.47758802535307154,-0.3861808147193462,4.385369385202344,0.08911347101339406,0.1370993604501003,4.6584682657923295,3.666972705385903,1.07687699630698,-0.5918441139208073,-0.18671991971271096,1.7999853853382852,0.809320754559026,4.454572728289479,4.235493015806549,4.240942960591484,3.0937992715109814,3.0337420527905126,3.4537382325610118,2.6933273564382176,0.0331576665829183,1.2507288207592993,-0.33602617630808296,1.6337456770570151,4.852623268390885,1.7998375279938834,2.610895104471803,0.5705921659775681
1014,1.6585519769594335,4.234211838221481,4.235754022283976,4.669488736641938,1.3932319163327334,1.7768170737838371,0.8388712771809468,-0.9304398721808194,3.586065928896124,0.5496971021569144,3.6973869019502823,4.438591169910118,0.5248147505272409,3.9479519891906163,-0.8998995080293488,1.007944681576277,2.581882103918093,1.5770406709350304,-0.7109170839896661,1.2270560813986635,3.349785169588926,-0.40662227354606495,0.1750384403442382,-0.1387982134064052,0.05086276561379588,0.7250437674081049,4.904643031900639,-0.7736855009713799,3.9325529005396485,-0.8585396611087894,4.200793306693409
1843,-0.7080043041461257,-0.9824929707713588,1.3841188992142954,0.4177637012334625,0.3247271192468548,4.464393217448132,3.365952370880745,2.976560184056413,0.40326039758092924,3.766680221540991,0.20595881147322648,2.3568173242422192,3.4135546549498024,2.5459964494882374,4.5859975508200215,2.4186744596078675,4.84679401012662,4.824474152647816,0.2880257130795183,1.1388721946558884,4.311582759006163,2.3487896087196534,-0.2479379716031933,1.20933354801776,1.8482698943410383,-0.08404546308801852,4.317494408805692,3.4932011624744383,0.8255637325019647,2.5422351178828624,4.240678809625961
1421,4.018479342133116,-0.5757158779798197,-0.591971611581521,0.5548437370549251,-0.8464052380869438,2.4524859259562595,0.09439364903271796,3.2399066650322546,1.0089931124308817,3.861850197538935,4.5206364348226415,-0.8075584766577792,2.137807093088611,2.549339837221839,-0.7049488124324659,2.4483585147234335,1.7894625964301865,-0.0915771545452202,4.433495188264467,4.030212159321825,4.892218918542865,4.508881171937134,2.184765355564827,-0.2793641939294609,2.1795578382156124,-0.1760073503211912,3.6919988241772135,-0.659358696121618,-0.735898871179947,4.821396062873266,0.45260871654494705
1008,-0.6606089159474158,1.727096758427729,-0.45854958096230347,-0.543602853615405,4.922152891573616,2.2340379316286745,2.018738550574122,1.0726984121043026,3.864956942699733,2.9277281191390108,0.629875758084999,0.06123984780269853,1.8847761759076032,2.3009640792671284,0.08932000993735034,-0.7655577554008131,2.7090554143834042,2.7627418778193586,-0.7875655523485448,-0.6906852093635798,3.311639346746425,1.9032277991623499,1.2753536274773927,3.338172135451714,2.5860554701750296,4.04902601991529,1.669394516626761,-0.39090979866061937,4.565313175693361,3.3936299823699896,2.4781600414303435
1188,3.6791076220947065,0.1027372008803853,2.8932287379594666,4.787448441122605,4.691148160587952,3.8464424628335143,0.5999133771367107,1.8880323996940946,1.492101943365185,4.48790914889584,4.251435350790888,0.6143978870074092,4.453154875296693,-0.6610862284429819,3.734071423396607,-0.05708054110640548,0.6225526676268656,2.069101191079355,0.15528783367972343,1.2775550903083315,4.735141360410634,3.2329609775893102,2.3441571399811227,3.0121764400654634,2.524455881633064,2.908447831564253,4.152177845775878,-0.6499112651955083,-0.05651540301891833,2.47440445019868,1.952414766977506
1014,3.0917869617561324,4.671700222957369,4.952628501919389,2.9782627184729313,4.690841990509176,-0.030753186719644,-0.5841337273739502,3.3534383204852336,-0.46662849928241745,-0.16953583483097878,4.6252564947539145,-0.6751396755769563,1.3914347789717256,4.683219085524438,2.940216981711041,2.3579910331777736,-0.9015535962144221,0.6000780619561401,-0.012707986011264438,4.963244985115392,-0.34154683048221735,4.814620580457372,2.3765564050437122,2.890416093182006,-0.06919737026689332,4.910704889921313,2.7410384435282893,1.3646639469392303,1.6816484263102436,-0.4578809826961401,0.1961489721907208
1686,3.048893853658023,-0.1232224676007152,4.9096161000855485,2.5710593915114273,-0.8508904657756171,2.1523606568522715,4.652344973469699,4.100856144727256,3.2845580895102753,-0.7453683263954156,-0.39984965980232645,4.44234637312845,-0.031038752724639407,4.319589418388489,2.2015020017356157,3.6990738825556706,-0.7316905418634443,1.1578365386741138,-0.7817723895694668,1.6697249923834505,2.6202399478445293,3.288053731204995,0.464316836040916,4.074393812050097,3.324253116325906,1.1894023855012326,-0.23693667018995868,4.111709596287911,0.4376830714874811,1.9325178011637605,0.5859160980908182
1688,2.4000348271312966,1.0034340247568925,4.700268583931919,0.3629889867715246,1.117396595189173,1.3882837324738757,0.9275673680736651,4.2666682398424935,-0.21777552725836102,4.410281650041298,3.943824485596915,3.690550942308456,2.5790470433906973,4.694572810116498,3.2709242982550837,0.01539429155987615,1.922006864291745,1.2744795615420408,2.787767790459508,4.051184593143566,2.2371326535409044,-0.3562845027813413,1.4967879052636732,1.4554301496342,1.0465083975093794,-0.05007629092684329,2.7128474716862567,3.1670982034474315,0.335816347007202,3.709250674348704,0.7632483914453811
1556,-0.7966504938305352,2.6051000882073536,1.8255903098112558,4.159577951870257,3.2326614781659897,4.125292984261831,4.7459490413667105,0.17834069137632658,3.4156056558688954,2.6694011507814257,0.9510411543354398,3.160633919609727,2.7079607086885216,1.9453253510842932,0.5532132763782576,-0.6091478693638925,0.5932281042696173,4.31731390480275,0.7394864509408396,0.9326767309517068,-0.20068289103238812,3.778127547733849,0.8827397705630793,1.8803044797669148,2.040065074203087,2.357552859600077,1.5009926218140088,3.860381789801039,2.952326428303724,-0.6395555573188771,-0.525388378010814
1709,0.01874484288061118,3.3923655033987306,1.5566552761897823,0.7459601809326035,3.93807547089913,1.982491149381108,1.105722523992135,3.831506479992134,4.245345941119258,0.600857586778452,3.215066094539834,1.9502620708656595,3.776352695706821,2.3189525571041,0.24482488088302268,4.821591908288898,0.778787235568742,1.8981192393001693,0.5176453842644639,4.641637640672419,1.8876383740557623,2.201973193496097,-0.13658342815534197,-0.0325251150214918,1.5258372414749668,2.109255966137628,3.4000716192130795,-0.40700695534126763,1.4275205517886835,4.365134908107917,4.643477286180225
1866,-0.5059766700680668,-0.18787246923463607,3.7674314016667854,3.072822643071201,1.889078629905736,0.9098930472005733,3.649761771323882,4.283295409864681,0.9739499487215573,2.9595394390956575,-0.5701182176963975,0.33378942559939184,1.8156579726435114,4.6182971461498274,1.0776281676199657,2.2519725080151938,3.7360869383034183,1.4337201891994726,0.9764140644581942,4.883622617818036,2.3543325348394424,2.211032964307234,-0.7368410300148773,1.3065064320803295,4.145416110714262,4.997044290238643,-0.46330756731691225,1.3583128043741697,0.8488454857806795,2.1516933362493615,4.236937389412655
1991,1.946104281360666,0.41289066430551014,2.388318960516366,3.1180523870929564,-0.3121000219484096,0.8324849560110621,2.841969394168874,-0.5383207689875034,3.0718669456104903,1.3309182229043248,0.49466473225685803,0.9924470460860766,1.347599776482773,4.216809610765013,3.29753154720136,0.7444439014957811,2.055504349139675,-0.268811585677472,-0.6503703149476503,3.5407708579659243,2.390287569265577,3.559967095574823,2.565620120570359,3.951423185363712,1.3609757213172715,2.714277775432786,0.07728396102213542,-0.4700408498105466,3.2056360888903264,-0.6419506553070811,1.9169444168899772
1294,3.327971780571392,4.613249771593162,3.7815871543471573,-0.9659074251551032,2.771466453633857,-0.20664942353310556,4.870774732628262,0.5516123256304886,0.9848988422690168,4.472151888247549,3.6825441302708057,1.728429578442804,1.5256417881166389,4.174646184675512,1.7257963524571283,-0.009192129310930053,2.642238952365425,3.913972760046712,1.2374249475174004,0.16869120012528893,-0.9258731976311445,3.115644320066517,0.23047596985036756,-0.1953051675306614,4.630975270037889,3.6628717167452116,1.373730040785933,1.0157057738844237,0.991764487400526,3.959583704968387,4.264908556152101
1293,3.3892815979686164,2.824959902327664,1.861103564776669,4.098307831644625,2.8784711237140916,0.9192527441061045,0.326109100821403,4.919268281783348,4.433519994573022,-0.20450462537787106,4.765274490782077,2.6935537693542217,2.334321397294815,2.8531782120034865,3.461306653068065,2.9665505329773474,2.714557635626564,3.761941169124933,-0.9739630296181396,0.8242068881664035,-0.5562491544954868,3.5378038562088303,1.7131842349924349,1.0292210588375825,2.1340175817640032,0.3191703495605889,0.2717731763298614,4.706936451765999,4.523946247459291,3.3396707267180776,-0.16585800824157015
1212,-0.9455011747693292,1.6873049379947513,-0.014028369621963632,2.68913866573076,4.828786041084292,1.2092205239219238,4.5496937742610655,3.8083868068120417,4.7136773343248315,-0.3585353594669285,0.3537428363258839,0.45215970842187003,-0.41174054596769083,0.22737404956897933,0.5600361307839921,1.6027886630260042,2.9503515029577825,-0.7240343415530397,-0.17197525415200854,0.4746499584648458,2.1361799720517256,2.03171301525429,3.8701853927255883,1.315922850347456,1.1030718018350578,2.27152348669713,2.104815606011979,0.3547115580511415,0.5185584362973443,-0.7471629552323225,0.17134389716712817
1531,1.661722520784711,3.5557351606277408,2.9548654643602683,1.9023093118569152,3.550679469159572,-0.3074906155063515,2.3558165533998943,0.6553560980739304,0.6486105365206056,3.0926950746348147,4.543444819247543,3.066796919133826,1.5519218595122712,2.659231420418805,0.42288397499102937,0.06297226884520901,4.396385688917015,4.648926690077511,1.1416927372262435,0.008487700640448015,0.8475055291498803,0.844611171315528,3.0246909926825563,-0.4623090918562671,1.7680273180783477,4.669783848612573,4.742822880989017,0.06433468898373751,2.081522212505841,2.5152027285141587,2.6744439039674726
1411,-0.17080397463137276,0.8175784061828852,4.769044918845345,-0.37869722733797717,4.965338199486775,1.6646928817519506,0.261386548922212,0.7703140162504138,1.0551258827925714,0.18409034876428287,0.7699254343129041,1.4789753879721683,1.5984177741544183,1.623940551451434,0.35385852179587607,4.4327415381634765,1.5280125550391963,1.3739092883574138,3.3303219821631975,-0.07215917736988331,2.3798715237220325,-0.2629209943698072,3.8388863458198905,2.358376551709129,1.324811797829799,3.673812468572768,4.985708171358204,1.7875794479267202,3.046461001303289,0.3294953834865886,-0.8547765428499523
1635,1.1433232345300226,-0.11064828232305435,3.8329929711083146,1.4235061721067197,3.034574646064261,4.262008609847821,-0.7389186039822515,2.1109898018686337,2.140727569466799,2.1323270958829568,3.879377383459019,2.8801174118616393,-0.8020554240756961,0.08680778773396525,-0.6019986004483506,-0.7896944301568525,2.110538908489227,-0.3721459930423139,2.37299139892946,3.710174064061775,4.791554125628835,3.1499034637806202,-0.36089917063802535,-0.2630727470769436,1.6803887884009283,3.459718638147228,4.776276260843922,4.769985071787155,-0.24559141917544158,4.12313707915519,0.9247075390179211
1342,0.12738128379054348,3.597285009178777,3.480213744143178,1.4620561699171821,-0.013159030607307054,-0.02451608411998807,4.991687200372521,-0.17692132573105845,2.589458600721616,-0.02976665009136159,3.7932247676701047,1.942050045579014,0.723040187165997,0.7616372270485297,2.882986945440698,2.370051076044618,3.5990509620889606,-0.5349592569838404,4.275706975783107,4.893127224787063,2.5113937246173625,-0.3325636392739022,3.6458828808014214,2.493826764465331,2.585760836074707,4.943003253685216,1.1644384384121542,-0.8189755617187819,2.9396726893921232,0.536395414728321,-0.9881014275017148
1813,-0.4167918998302613,4.875106723087222,4.250908289568786,0.8772860223686794,1.5785339652806045,3.437520118436689,2.049696807136905,3.4657654707245147,4.211968143083752,0.43387316467077186,3.429183831509577,-0.4469006842542915,4.771784370316528,1.8277708735535656,0.7067364111815924,2.744296405917863,4.665495992709461,4.288086859905876,-0.10788029746900629,-0.02409173479682103,-0.44191316639246914,-0.8991846099184146,3.719501560007835,3.478361372441926,-0.2525139263585048,1.1892537339869507,4.022841351716662,3.473962278550764,4.692735247120644,1.878517745063756,2.656390071028797
1813,3.5204075152250915,-0.20489718469572327,0.5983171557452462,2.6508770173710796,2.565890634679947,0.2690521286152412,-0.8858977152623888,-0.9283181389292772,-0.7901355465785904,0.19636064996967728,-0.4191264974588278,3.173370545936968,0.3944249324008209,0.8463017586854404,-0.8766160595695678,2.4842389056259595,2.8795177280327353,0.13873796121443838,2.4445807730278917,2.5477756732974286,3.649907791679504,3.9779614337930047,4.974628810094128,0.08181799440478832,2.2243779939672894,-0.988407176031906,2.290770278519114,4.89039786358245,0.6869255831074685,4.726900619590998,-0.9786618521921038
1394,3.5342272025803183,0.7978359925249436,3.345257867276789,3.7261164849221213,2.6130590272298684,2.889228798671836,2.8714470218456674,1.0691797968658023,4.350287028274715,1.2680257107707078,2.2890191802628266,-0.6328732371937906,4.594278245496145,2.678991468015261,0.5675954373776559,2.4547463618501535,3.628059916870207,4.207960829456673,4.126046725708692,0.7550189332790311,3.4227471473935935,0.7668086302776285,3.1665346986344884,-0.4203313428287603,1.7260006212461985,4.68187388937087,4.267000941885651,2.446765869861834,3.693032513021456,4.705147790370705,1.2723359216580752
1588,-0.9738533856513145,2.9794566114451975,4.229536101111953,2.935350511521691,-0.8795231182558036,2.0612606370546684,3.9035161632704325,1.917655107262906,-0.6115947519150735,1.3438908643624021,0.23351434597562548,1.846402646891188,4.040228956130402,2.8223511625995394,2.375106534521907,1.072053923745595,1.215950956759948,0.5013759305560372,3.35995844341356,2.169074419495491,1.3538726913252863,4.010112874678591,1.2867830932809703,4.6726488250296,2.025264010372494,0.5470275304101697,2.296557160303881,1.1761617199662604,0.5072298329466083,-0.39917534160568313,4.757953391382971
1279,-0.43530758791119695,1.5374490992242653,1.0539857540758972,4.157418641842947,2.1865055397423436,-0.27649941135215195,2.934544707127386,2.4145351254328045,0.6772942863936238,-0.42152554036758394,-0.7224535999994801,0.2885223607473397,0.3082876948859228,0.7236093755579167,-0.21993093021004917,4.534106385166363,2.994547083496298,4.621723358704177,2.2190591352250815,-0.9255172511091494,4.111151799528769,1.7538680792606614,-0.1991120732148861,2.1025370277384274,4.496001217917547,1.0143288465942284,-0.16314179790306627,2.7464806732259595,4.543597595515975,1.6777388221195366,0.3774718663755008
1804,-0.8137737463192811,-0.980230591772201,3.656900386796509,3.2208662382546693,0.07363378460978875,2.768666971844335,0.5520115215297812,0.24639711151404087,0.614347631412786,0.11652050980816342,3.2886448783747273,1.0645642598456009,0.2058796076623699,0.8260982694693839,-0.1594447995557351,-0.3688679614870036,2.2027364332237624,3.0641531431190394,2.973347391612614,1.4460665189467825,1.1412614259578868,1.1771614622092992,-0.31929034589166894,2.426885857950597,-0.6966223620365393,1.8043094311877148,2.534600990152333,2.9219095254041005,0.8063418260837061,0.26628245275579476,3.1679259026868403
1308,3.198639350096485,-0.6442388671698784,4.585228921278922,-0.0014175279469925695,1.4633379813436864,2.98594609139045,1.4131237530916376,0.2573151620861833,4.906822019565089,3.392154809835553,3.129291850003254,-0.8445351303770186,4.200131708735308,1.7281345559367471,0.7243664275545909,4.857832190001858,4.486007822985952,3.907720821887966,4.386562396358704,-0.11836156123496755,-0.5763709200390215,0.5213954175955964,0.998875594413865,0.7964527929383103,1.3452824665541154,-0.05935780655351164,2.4843835069970313,4.055150027937536,1.7337218457570085,0.9021913892900839,0.4428840033427368
1876,0.8342362563629044,-0.030218595833721773,-0.07904386370439154,2.2172446749074814,0.483793685614905,1.8480494768249276,1.4437279602804427,-0.5037462437989182,4.409089365282567,2.5235109466595858,0.03195987186818483,1.6632100102718845,1.810374447101304,0.6431880312945668,3.809607143023017,0.061769911776410336,0.059237319778903785,0.5263517157974722,-0.5179065302184525,3.761720501997667,1.1752975154608758,3.63626059282724,3.3423678358405224,-0.23352266635469765,2.0692456441878084,2.2361500013804196,2.1163829001085706,4.280786158030534,1.2365974179695405,0.6830119913024355,2.7892642293225522
1593,4.380380561169879,3.1360012813423186,1.2883242103126067,4.9102773008220195,1.1331872071342595,2.0075993596978687,3.8216345367086912,1.025104828160508,-0.8838875187877144,3.0576239369030827,0.7037527034057158,4.673425610971917,4.016257166667096,2.755416782375526,0.5378028155261081,4.383181395212592,1.321020174882189,2.607304536296338,0.8828731758928936,4.81324131420018,3.3463848329283605,1.9459661894534261,-0.28226827165329316,3.7550426908840837,4.568492392963389,-0.6706666516236353,0.8025505757765174,3.797105747824011,1.6819097455576175,2.8491184918795662,1.017295596193407
1773,4.235661069387233,3.854748081941562,1.4944762805529068,2.023562675801564,2.700573511897116,-0.4235910371384859,4.902344312680435,1.8020222139088196,3.8030303558002654,0.7940974222404411,0.19241060451434255,1.982686487322681,4.230083960687549,2.9310171070708386,0.3965285248194419,-0.5999644316355077,3.345471662018933,-0.42818878787348114,1.6995343229409787,-0.6462442769802226,0.31137318265345937,0.08134183216080748,1.6338533819489705,-0.9332167135320217,-0.2794395158688445,1.2566903017792885,0.15198815526516873,3.353437176302295,-0.7868738309480794,4.243132450123493,-0.7781876512759578
1624,0.4516775015508343,0.4960010411795044,4.386159204495999,4.689158044516941,2.0578963849573397,0.037027656092870176,-0.8850256489239867,3.1284634757354413,3.0118278480733176,2.040886631386195,3.238305504824666,4.971943876661445,3.5488006951482562,0.6836387041514662,3.088372634362707,3.906403380178201,1.2005057327435633,1.1340870857196999,3.024873922104841,-0.8703739295321165,-0.2756332459874056,-0.9781986080006733,0.8146794072830337,-0.07102930611730396,1.9140202409616922,-0.7872847116778052,1.1199497316988074,3.28315888863872,0.6639386478039451,0.507064721170642,0.5477552030579829
1039,3.6606233540339668,3.2867329959310156,4.177861958492057,2.822988943397998,-0.4473098422313222,4.863379417194864,2.8952308930958095,4.619147747421609,1.91597793331157,1.3855628482446036,0.2584950282059715,1.901843562496178,0.5953035109230178,4.482888985741897,1.3238311318984888,3.5349486297470296,4.544717782494494,2.797316040190519,0.12004093683975392,0.44758902733394135,-0.5673289971788917,2.299562001397214,1.9996806795659907,-0.7029141559376735,1.6009180490769266,2.58764741299556,4.944179871968324,3.8599218770283263,1.5990805026257169,0.14585765785420746,0.9393270094431716
1527,-0.6143765927217688,3.112075270245037,0.5409968525700488,2.13738634130533,-0.22576279484885275,3.342535339333706,0.8440522727267938,2.659676216156769,4.406565239960999,-0.32735958113050945,3.543907685093706,2.2166102849325524,0.027680635284648814,0.7870408242345046,3.5321784884627343,0.5132759329606418,3.69714920805188,0.9216112542406982,-0.5897052758786412,1.1953879293989038,2.1887622896914536,1.9672835812935778,0.8233348072011197,2.171417142973975,1.5284449096772104,4.398141672178699,0.48333052231689644,4.285196884274715,3.6693256298057983,-0.31942192927881985,1.6608874314347633
1205,0.22782419343527383,1.444714670733077,3.6379298417410286,1.847798679970822,2.9704671133463587,1.0426441972778147,0.9214462294223504,1.505739438222054,0.6780956321434972,4.376608810649978,-0.595260839533603,-0.4787865680129608,0.3288339775984024,0.9953112217993398,-0.31643616489259063,0.1625355828428241,4.9450877055033295,-0.006805811129793504,2.3755474236198277,3.723135339729672,2.9006321523540395,0.7798000811052344,3.383477060014579,-0.0047382054493572134,3.604615325697921,3.0077105807829927,1.1048328497026447,-0.24846421948474617,-0.30512494755104025,3.478827706655471,3.1735454118580106
1065,3.1405205469229784,4.2339333286145315,0.36691839774120183,0.0533153067666714,-0.6285350741233406,4.133839678513584,1.6846702536971758,4.059560728807351,-0.38324644846044387,2.217862175436546,2.437978107553696,0.8041962083945382,1.2418513630164063,4.064992078528195,0.731504673811451,4.266915090938815,-0.949700689728723,3.23306613401658,1.3663271424556278,3.9972461382536677,2.6400212947399315,3.5120964535753325,0.7720762727071402,3.7855693025577297,3.886765733064763,3.9467526874817844,3.0418686496568412,-0.7797077686861447,0.5070337443386805,3.9015892911166317,2.010827763499666
1492,3.248851134781045,2.9984745854330486,1.5620247961249785,-0.9093715653018699,3.915637774217778,1.4419440591624157,1.7442852956559025,3.0537142834299242,4.719339134036939,3.6223469187595363,-0.07166393214355016,1.7217208521119103,4.349755572166403,2.843931601754902,0.7186744308211344,-0.7154351558972087,4.032955482671569,4.288714514221539,4.529936486954816,2.8320616411604806,4.847306678680862,2.551852816170352,4.087033402970577,2.651090577613503,4.526359040014011,0.4108070875685572,0.9032826309830508,0.08731037006428544,3.7758220201457586,4.6048111278765855,0.8493558211904348
